trait	CHROM	POS	beta_original	pval_original	ecotype_left_out	n_samples_used	beta_LOO	pval_LOO
jmax	OZ241434.1	11614697	-3.5303497907837293	3.8473453402162704e-07	CF	97	-3.26946942754821	4.5215912299403787e-05
jmax	OZ241434.1	11614697	-3.5303497907837293	3.8473453402162704e-07	CH	99	-3.45604347866129	2.616104322450102e-06
jmax	OZ241434.1	11614697	-3.5303497907837293	3.8473453402162704e-07	EC	99	-3.3493552093043157	1.7232727279267775e-05
jmax	OZ241434.1	11614697	-3.5303497907837293	3.8473453402162704e-07	NN	99	-4.182960329706463	2.7364631185949952e-08
jmax	OZ241434.1	11614697	-3.5303497907837293	3.8473453402162704e-07	PB	99	-2.516472722717434	8.663356518945945e-05
jmax	OZ241434.1	11614697	-3.5303497907837293	3.8473453402162704e-07	SG	98	-3.516618579305831	1.0921664260474324e-06
jmax	OZ241434.1	11614697	-3.5303497907837293	3.8473453402162704e-07	TL	99	-3.8311305580509645	1.1989660801785114e-06
jmax	OZ241431.1	11140664	-4.700463410257828	1.1185498240620493e-06	CF	97	-4.721258712960405	4.386996997572749e-06
jmax	OZ241431.1	11140664	-4.700463410257828	1.1185498240620493e-06	CH	99	-4.159287873562357	9.401875713117987e-05
jmax	OZ241431.1	11140664	-4.700463410257828	1.1185498240620493e-06	EC	99	-4.745989754801221	7.659171352945702e-06
jmax	OZ241431.1	11140664	-4.700463410257828	1.1185498240620493e-06	NN	99	-5.096592539084886	4.019003420223617e-06
jmax	OZ241431.1	11140664	-4.700463410257828	1.1185498240620493e-06	PB	99	-3.832461562389722	2.3305685231901753e-05
jmax	OZ241431.1	11140664	-4.700463410257828	1.1185498240620493e-06	SG	98	-4.260897897635832	3.768220361750234e-05
jmax	OZ241431.1	11140664	-4.700463410257828	1.1185498240620493e-06	TL	99	-5.3889676547343015	5.010701415386549e-07
jmax	OZ241431.1	11140586	-4.700463410257828	1.1185498240620493e-06	CF	97	-4.721258712960405	4.386996997572749e-06
jmax	OZ241431.1	11140586	-4.700463410257828	1.1185498240620493e-06	CH	99	-4.159287873562357	9.401875713117987e-05
jmax	OZ241431.1	11140586	-4.700463410257828	1.1185498240620493e-06	EC	99	-4.745989754801221	7.659171352945702e-06
jmax	OZ241431.1	11140586	-4.700463410257828	1.1185498240620493e-06	NN	99	-5.096592539084886	4.019003420223617e-06
jmax	OZ241431.1	11140586	-4.700463410257828	1.1185498240620493e-06	PB	99	-3.832461562389722	2.3305685231901753e-05
jmax	OZ241431.1	11140586	-4.700463410257828	1.1185498240620493e-06	SG	98	-4.260897897635832	3.768220361750234e-05
jmax	OZ241431.1	11140586	-4.700463410257828	1.1185498240620493e-06	TL	99	-5.3889676547343015	5.010701415386549e-07
jmax	OZ241431.1	11140594	-4.700463410257828	1.1185498240620493e-06	CF	97	-4.721258712960405	4.386996997572749e-06
jmax	OZ241431.1	11140594	-4.700463410257828	1.1185498240620493e-06	CH	99	-4.159287873562357	9.401875713117987e-05
jmax	OZ241431.1	11140594	-4.700463410257828	1.1185498240620493e-06	EC	99	-4.745989754801221	7.659171352945702e-06
jmax	OZ241431.1	11140594	-4.700463410257828	1.1185498240620493e-06	NN	99	-5.096592539084886	4.019003420223617e-06
jmax	OZ241431.1	11140594	-4.700463410257828	1.1185498240620493e-06	PB	99	-3.832461562389722	2.3305685231901753e-05
jmax	OZ241431.1	11140594	-4.700463410257828	1.1185498240620493e-06	SG	98	-4.260897897635832	3.768220361750234e-05
jmax	OZ241431.1	11140594	-4.700463410257828	1.1185498240620493e-06	TL	99	-5.3889676547343015	5.010701415386549e-07
jmax	OZ241431.1	11140638	-4.700463410257828	1.1185498240620493e-06	CF	97	-4.721258712960405	4.386996997572749e-06
jmax	OZ241431.1	11140638	-4.700463410257828	1.1185498240620493e-06	CH	99	-4.159287873562357	9.401875713117987e-05
jmax	OZ241431.1	11140638	-4.700463410257828	1.1185498240620493e-06	EC	99	-4.745989754801221	7.659171352945702e-06
jmax	OZ241431.1	11140638	-4.700463410257828	1.1185498240620493e-06	NN	99	-5.096592539084886	4.019003420223617e-06
jmax	OZ241431.1	11140638	-4.700463410257828	1.1185498240620493e-06	PB	99	-3.832461562389722	2.3305685231901753e-05
jmax	OZ241431.1	11140638	-4.700463410257828	1.1185498240620493e-06	SG	98	-4.260897897635832	3.768220361750234e-05
jmax	OZ241431.1	11140638	-4.700463410257828	1.1185498240620493e-06	TL	99	-5.3889676547343015	5.010701415386549e-07
